gambar,metode_enhancement,nomor_acuan,hasil_ocr,CER,akurasi_karakter_persen
01_HighQuality_Enhanced,Grayscale,571012022000056,571012022000056,0.0,100.0
01_HighQuality_Enhanced,CLAHE,571012022000056,571012022000056,0.0,100.0
01_HighQuality_Enhanced,Histogram_Equalization,571012022000056,,1.0,0.0
01_HighQuality_Enhanced,Contrast_Stretching,571012022000056,571012022000056,0.0,100.0
02_LowContrast,Grayscale,571012022000056,571012022000056,0.0,100.0
02_LowContrast,CLAHE,571012022000056,571012022000056,0.0,100.0
02_LowContrast,Histogram_Equalization,571012022000056,,1.0,0.0
02_LowContrast,Contrast_Stretching,571012022000056,571012022000056,0.0,100.0
03_Blurred,Grayscale,571012022000056,571012022000056,0.0,100.0
03_Blurred,CLAHE,571012022000056,571012022000056,0.0,100.0
03_Blurred,Histogram_Equalization,571012022000056,,1.0,0.0
03_Blurred,Contrast_Stretching,571012022000056,571012022000056,0.0,100.0
04_HighNoise,Grayscale,571012022000056,571012022000056,0.0,100.0
04_HighNoise,CLAHE,571012022000056,571012022000056,0.0,100.0
04_HighNoise,Histogram_Equalization,571012022000056,,1.0,0.0
04_HighNoise,Contrast_Stretching,571012022000056,571012022000056,0.0,100.0
05_LowResolution_Upsampled,Grayscale,571012022000056,571012022000056,0.0,100.0
05_LowResolution_Upsampled,CLAHE,571012022000056,571012022000056,0.0,100.0
05_LowResolution_Upsampled,Histogram_Equalization,571012022000056,,1.0,0.0
05_LowResolution_Upsampled,Contrast_Stretching,571012022000056,571012022000056,0.0,100.0
06_Faded_Underexposed,Grayscale,571012022000056,571012022000056,0.0,100.0
06_Faded_Underexposed,CLAHE,571012022000056,571012022000056,0.0,100.0
06_Faded_Underexposed,Histogram_Equalization,571012022000056,,1.0,0.0
06_Faded_Underexposed,Contrast_Stretching,571012022000056,571012022000056,0.0,100.0
07_ColorShift_WarmTint,Grayscale,571012022000056,571012022000056,0.0,100.0
07_ColorShift_WarmTint,CLAHE,571012022000056,571012022000056,0.0,100.0
07_ColorShift_WarmTint,Histogram_Equalization,571012022000056,,1.0,0.0
07_ColorShift_WarmTint,Contrast_Stretching,571012022000056,571012022000056,0.0,100.0
08_JPEGCompression_Artifacts,Grayscale,571012022000056,571012022000056,0.0,100.0
08_JPEGCompression_Artifacts,CLAHE,571012022000056,571012022000056,0.0,100.0
08_JPEGCompression_Artifacts,Histogram_Equalization,571012022000056,,1.0,0.0
08_JPEGCompression_Artifacts,Contrast_Stretching,571012022000056,571012022000056,0.0,100.0
09_CombinedDegradation,Grayscale,571012022000056,571012022000056,0.0,100.0
09_CombinedDegradation,CLAHE,571012022000056,571012022000056,0.0,100.0
09_CombinedDegradation,Histogram_Equalization,571012022000056,,1.0,0.0
09_CombinedDegradation,Contrast_Stretching,571012022000056,571012022000056,0.0,100.0
