hasil_deteksi,rasio_foreground,piksel_global,piksel_otsu,gambar,label_aktual
PRESENT,0.04154625282732357,17314,20892,01_HighQuality_Enhanced.jpg,PRESENT
PRESENT,0.04133294969019503,1523,20950,02_LowContrast.jpg,PRESENT
PRESENT,0.06266256365168334,5432,30885,03_Blurred.jpg,PRESENT
PRESENT,0.043496001995830744,15227,20573,04_HighNoise.jpg,PRESENT
PRESENT,0.046773786660590476,12887,23000,05_LowResolution_Upsampled.jpg,PRESENT
PRESENT,0.03908245707835799,21529,21028,06_Faded_Underexposed.jpg,PRESENT
PRESENT,0.036490227913832315,15816,20941,07_ColorShift_WarmTint.jpg,PRESENT
PRESENT,0.04389718293191826,15070,21115,08_JPEGCompression_Artifacts.jpg,PRESENT
PRESENT,0.05088979436266947,18006,22449,09_CombinedDegradation.jpg,PRESENT
